{"cameraMode":{"drawMode":0,"name":"Shaded","section":"Shading Mode"},"sceneLighting":false,"audioPlay":false,"sceneViewState":{"m_AlwaysRefresh":false,"showFog":true,"showSkybox":false,"showFlares":true,"showImageEffects":true,"showParticleSystems":true,"showVisualEffectGraphs":true,"m_FxEnabled":true},"in2DMode":false,"pivot":{"x":-0.22668343782424928,"y":1.984593391418457,"z":-0.13603805005550385},"rotation":{"x":-0.09404458105564118,"y":-0.9052947163581848,"z":0.3115955591201782,"w":-0.2731381058692932},"size":0.8449491858482361,"orthographic":false}